{
    "filename": "image 2.jpeg",
    "detections": [
        {
            "label": "Bare_Hand",
            "confidence": 0.15,
            "bbox": [
                234.32,
                116.81,
                261.93,
                192.0
            ]
        },
        {
            "label": "Bare_Hand",
            "confidence": 0.05,
            "bbox": [
                210.82,
                98.77,
                254.1,
                179.34
            ]
        },
        {
            "label": "Bare_Hand",
            "confidence": 0.05,
            "bbox": [
                212.26,
                125.65,
                239.04,
                179.17
            ]
        },
        {
            "label": "Bare_Hand",
            "confidence": 0.03,
            "bbox": [
                240.91,
                118.88,
                261.99,
                177.52
            ]
        },
        {
            "label": "Bare_Hand",
            "confidence": 0.02,
            "bbox": [
                103.84,
                0.0,
                130.38,
                29.01
            ]
        },
        {
            "label": "Bare_Hand",
            "confidence": 0.02,
            "bbox": [
                240.32,
                158.13,
                262.0,
                192.0
            ]
        },
        {
            "label": "Bare_Hand",
            "confidence": 0.02,
            "bbox": [
                80.04,
                90.99,
                106.32,
                153.67
            ]
        },
        {
            "label": "Bare_Hand",
            "confidence": 0.01,
            "bbox": [
                243.79,
                148.27,
                262.0,
                192.0
            ]
        },
        {
            "label": "Bare_Hand",
            "confidence": 0.01,
            "bbox": [
                231.0,
                149.6,
                262.0,
                192.0
            ]
        },
        {
            "label": "Bare_Hand",
            "confidence": 0.01,
            "bbox": [
                220.18,
                168.46,
                262.0,
                192.0
            ]
        },
        {
            "label": "Bare_Hand",
            "confidence": 0.01,
            "bbox": [
                248.32,
                156.85,
                261.91,
                192.0
            ]
        },
        {
            "label": "Bare_Hand",
            "confidence": 0.01,
            "bbox": [
                87.97,
                25.23,
                121.26,
                39.79
            ]
        },
        {
            "label": "Gloved_Hand",
            "confidence": 0.01,
            "bbox": [
                92.94,
                125.82,
                136.96,
                156.33
            ]
        }
    ]
}