{
    "filename": "image 5.jpg",
    "detections": [
        {
            "label": "Bare_Hand",
            "confidence": 0.12,
            "bbox": [
                367.27,
                171.2,
                524.42,
                236.77
            ]
        },
        {
            "label": "Bare_Hand",
            "confidence": 0.03,
            "bbox": [
                389.38,
                194.69,
                575.19,
                268.65
            ]
        },
        {
            "label": "Bare_Hand",
            "confidence": 0.03,
            "bbox": [
                481.89,
                206.52,
                575.25,
                266.64
            ]
        },
        {
            "label": "Bare_Hand",
            "confidence": 0.02,
            "bbox": [
                483.73,
                223.35,
                574.78,
                273.04
            ]
        },
        {
            "label": "Bare_Hand",
            "confidence": 0.01,
            "bbox": [
                444.17,
                197.88,
                574.54,
                267.65
            ]
        },
        {
            "label": "Bare_Hand",
            "confidence": 0.01,
            "bbox": [
                336.82,
                147.36,
                523.7,
                240.33
            ]
        }
    ]
}