{
    "filename": "image 6.jpg",
    "detections": [
        {
            "label": "Bare_Hand",
            "confidence": 0.06,
            "bbox": [
                283.21,
                483.21,
                372.34,
                527.02
            ]
        },
        {
            "label": "Bare_Hand",
            "confidence": 0.04,
            "bbox": [
                285.74,
                483.26,
                369.03,
                514.74
            ]
        },
        {
            "label": "Bare_Hand",
            "confidence": 0.02,
            "bbox": [
                518.6,
                505.31,
                591.33,
                538.01
            ]
        },
        {
            "label": "Bare_Hand",
            "confidence": 0.01,
            "bbox": [
                184.46,
                28.81,
                240.64,
                70.14
            ]
        },
        {
            "label": "Bare_Hand",
            "confidence": 0.01,
            "bbox": [
                700.68,
                539.88,
                774.92,
                575.45
            ]
        },
        {
            "label": "Bare_Hand",
            "confidence": 0.01,
            "bbox": [
                292.84,
                521.5,
                358.95,
                554.46
            ]
        }
    ]
}