{
    "filename": "imahe 6.jpeg",
    "detections": [
        {
            "label": "Bare_Hand",
            "confidence": 0.04,
            "bbox": [
                176.47,
                20.17,
                225.19,
                39.96
            ]
        },
        {
            "label": "Bare_Hand",
            "confidence": 0.02,
            "bbox": [
                183.98,
                28.38,
                230.94,
                60.38
            ]
        },
        {
            "label": "Bare_Hand",
            "confidence": 0.01,
            "bbox": [
                187.61,
                43.62,
                231.57,
                64.84
            ]
        }
    ]
}